,model_top4_equal,model_top4_riskadjusted,model_top4_threshold,model_top4_propweights,model_longshort,bench_reversion_zscore_90d,bench_reversion_zscore_input,bench_reversion_longshort,bench_equalweight
2025-01-02,99.6384,99.5155,99.6384,99.6351,100.1754,99.482,99.5594,100.2043,99.7034
2025-01-03,100.3911,99.9387,100.3911,100.4095,100.5981,100.3052,99.9885,101.3242,100.1093
2025-01-06,98.3849,98.1536,98.3849,98.3982,99.0422,99.9965,98.4804,101.7323,99.4521
2025-01-07,97.9777,98.555,97.9777,98.028,98.4688,100.3477,98.5359,102.5346,99.6667
2025-01-08,98.3496,98.1876,98.3496,98.3957,97.5566,99.9568,98.9281,102.4803,99.8121
2025-01-10,97.6427,97.1208,97.6427,97.6591,97.5639,99.2915,97.3852,101.9184,99.0253
2025-01-13,98.473,97.9645,98.473,98.4977,98.3982,99.7699,97.3483,102.2475,99.6635
2025-01-14,98.9814,98.5306,98.9814,99.011,97.9698,100.2468,97.6747,102.8797,100.3409
2025-01-15,99.0424,98.4902,99.0424,99.0736,97.5504,100.7093,97.9914,103.9971,100.6842
2025-01-16,100.4288,99.4063,100.4288,100.3874,97.7849,101.6625,98.9049,104.2534,101.5358
2025-01-17,100.5037,99.648,100.5037,100.4888,97.1158,101.9814,99.3411,104.4194,102.0561
2025-01-21,101.4438,100.2007,101.4438,101.4257,97.1306,102.8713,99.8093,103.5501,102.9469
2025-01-22,100.1587,99.5923,100.1587,100.1657,95.9968,101.5672,100.1563,102.9302,102.3093
2025-01-23,100.6168,100.2094,100.6168,100.6141,95.7655,101.9679,101.1898,102.3594,103.21
2025-01-24,100.2972,100.2926,100.2972,100.3081,94.6671,101.2525,100.5915,101.7423,102.985
2025-01-27,102.1696,103.1655,102.1696,102.1748,96.3161,104.275,101.2466,103.448,104.4476
2025-01-28,100.0645,101.1086,100.0645,100.041,95.0066,102.2701,100.169,101.8429,103.2092
2025-01-29,99.0476,100.183,99.0476,98.8708,94.7498,100.9753,100.4438,100.6308,103.0346
2025-01-30,99.8278,100.6461,99.8278,99.635,92.5537,102.3099,104.5994,100.623,104.3225
2025-01-31,99.8902,100.6525,99.8902,99.7422,93.5185,101.9271,103.8913,100.7457,103.5009
2025-02-03,99.9543,101.2833,99.9543,99.8232,92.6028,101.9524,104.9065,100.0229,103.8443
2025-02-04,99.7767,101.4297,99.7767,99.6852,93.3761,102.1243,105.205,100.3178,103.4161
2025-02-05,99.8276,101.8542,99.8276,99.7449,92.7032,103.2277,105.6184,100.5771,103.9742
2025-02-06,98.256,101.3677,98.256,98.1788,91.1108,102.5425,103.1473,99.225,103.693
2025-02-07,97.6608,101.1068,97.6608,97.6009,90.6145,102.3231,102.2164,99.732,103.3278
2025-02-10,98.6902,101.9376,98.6902,98.6553,91.7793,103.2618,102.5073,101.047,103.7361
2025-02-11,98.5925,102.6068,98.5925,98.5719,90.9596,103.7969,102.7692,101.7128,104.3799
2025-02-12,97.711,101.675,97.711,97.5977,90.727,102.5225,102.2451,99.2083,103.8291
2025-02-13,97.9917,101.8186,97.9917,97.7241,90.7005,102.8113,102.784,98.9395,104.2703
2025-02-14,97.1036,99.8226,97.1036,96.7884,90.6287,102.2494,99.8765,98.4404,103.6865
2025-02-18,97.8394,100.0357,97.8394,97.4569,91.2523,102.9821,100.3749,98.9127,104.2173
2025-02-19,98.8002,101.1052,98.8002,98.4047,91.1989,104.086,101.7555,99.1338,105.1845
2025-02-20,99.4208,102.178,99.4208,99.0782,92.1392,104.7621,101.7046,101.1945,105.2156
2025-02-21,99.9087,103.0632,99.9087,99.472,93.5559,105.4615,101.1681,102.1574,104.9024
2025-02-24,100.021,103.7715,100.021,99.6529,93.3947,106.4537,100.9367,102.2669,105.3392
2025-02-25,100.9921,105.2004,100.9921,100.6719,94.0569,107.1265,101.4418,103.0566,105.7274
2025-02-26,100.1906,103.9047,100.1906,99.867,93.4774,106.0878,100.9631,103.3202,105.0067
2025-02-27,100.4231,104.4665,100.4231,100.1612,93.92,105.8804,101.1084,103.2969,105.1197
2025-02-28,101.5546,105.4224,101.5546,101.243,94.2304,104.7474,102.1368,100.6869,106.0829
2025-03-03,102.3935,106.8848,102.3935,102.108,96.0072,105.1767,101.3052,102.6313,105.3652
2025-03-04,100.4778,105.4089,100.4778,100.2437,96.5105,103.4182,100.5218,104.0706,103.1422
2025-03-05,101.8109,106.6686,101.8109,101.7194,97.6599,104.303,100.9188,104.3667,103.6645
2025-03-06,102.3236,107.4548,102.3236,102.3037,99.1463,105.1542,100.6888,106.7621,103.5221
2025-03-07,104.4031,108.8683,104.4031,104.3868,99.136,107.1943,102.5336,107.6494,104.941
2025-03-10,105.0218,109.6811,105.0218,105.0151,101.1593,107.6684,101.5846,109.2961,104.7842
2025-03-11,103.319,107.7103,103.319,103.21,101.4974,104.6405,99.4811,106.941,103.1902
2025-03-12,102.5018,105.903,102.5018,102.341,100.2841,103.5979,98.6612,105.4553,102.8907
2025-03-13,103.0288,106.4152,103.0288,102.8867,100.9272,103.7025,98.4269,105.4927,102.8176
2025-03-14,104.2633,106.5394,104.2633,104.0359,100.7416,104.6772,99.2141,105.3404,104.1354
2025-03-17,104.7702,107.1421,104.7702,104.5704,100.3941,105.7527,100.2665,105.6213,105.1992
2025-03-18,104.7168,107.0271,104.7168,104.5386,100.6758,106.0672,99.3002,106.0921,104.8705
2025-03-19,104.5953,106.8236,104.5953,104.4042,99.6362,105.8843,99.9755,103.9833,105.6638
2025-03-20,104.7882,106.5042,104.7882,104.545,100.9219,105.6758,99.0672,104.3518,105.3581
2025-03-21,104.1071,106.0117,104.1071,103.8484,100.8819,105.5368,98.9304,103.1441,105.1439
2025-03-24,104.5505,106.0611,104.5505,104.3219,99.9801,105.7827,99.8275,102.8339,105.8055
2025-03-25,104.4225,105.4421,104.4225,104.2652,98.565,105.0868,99.5707,102.3282,105.6564
2025-03-26,105.4517,106.8419,105.4517,105.3014,99.4161,105.7824,100.4169,102.8997,106.1354
2025-03-27,105.9196,107.6606,105.9196,105.7573,100.2789,106.0538,100.5056,103.0305,106.0176
2025-03-28,105.7605,107.5372,105.7605,105.5544,100.5348,105.6205,99.7653,103.4346,105.312
2025-03-31,107.1097,109.4801,107.1097,106.973,100.4525,106.5457,101.0402,104.2304,106.2979
2025-04-01,106.5473,109.7159,106.5473,106.4558,99.9275,105.6359,101.7871,103.6621,105.9128
2025-04-02,106.3407,109.5363,106.3407,106.2313,99.4822,105.9424,101.6908,104.7215,105.7568
2025-04-03,102.0482,108.3752,102.0482,102.2812,98.3532,97.0977,92.7555,94.4562,102.5968
2025-04-04,95.004,102.543,95.004,95.3294,96.6395,91.6655,85.5399,92.6752,96.457
2025-04-07,94.5567,101.2296,94.5567,94.8129,97.6253,91.6411,86.0421,94.7518,95.4078
2025-04-08,94.6498,101.2685,94.6498,95.0118,99.9627,88.5908,84.1411,91.5666,94.2501
2025-04-09,102.2135,106.0432,102.2135,102.2859,102.1323,96.6314,92.5938,98.498,99.5596
2025-04-10,100.6628,105.2621,100.6628,100.8803,102.6491,91.3455,88.7259,92.9128,97.2876
2025-04-11,102.2534,106.9859,102.2534,102.5053,102.438,92.6368,90.1207,93.3378,98.7236
2025-04-14,103.2828,108.1218,103.2828,103.5109,101.9584,93.5263,91.5985,92.521,99.9472
2025-04-15,102.5059,107.9005,102.5059,102.803,101.1278,92.7303,90.7842,91.7573,99.4435
2025-04-16,101.7828,106.7018,101.7828,102.0801,101.7339,91.0227,89.068,90.6265,98.5283
2025-04-17,103.4393,107.7942,103.4393,103.6119,102.9121,92.7125,89.5983,91.319,99.9125
2025-04-21,102.2111,106.4541,102.2111,102.4022,103.7108,91.7227,87.7655,91.5014,98.5235
2025-04-22,103.9428,108.2881,103.9428,104.084,103.0428,93.5554,91.7434,91.2021,100.8854
2025-04-23,104.3461,107.1783,104.3461,104.1663,102.8116,94.6147,93.0285,92.3859,101.0679
2025-04-24,106.0387,108.7147,106.0387,105.8464,105.6101,97.238,95.489,94.6521,101.7221
2025-04-25,105.9037,108.5242,105.9037,105.6862,105.1421,98.1014,95.2636,96.0669,101.7087
2025-04-28,106.7101,108.7278,106.7101,106.3977,105.3201,98.3574,95.8114,96.0022,102.2379
2025-04-29,108.3594,110.4538,108.3594,107.9939,105.8557,99.2332,95.9954,96.2119,103.0236
2025-04-30,108.5951,110.8943,108.5951,108.2165,106.6873,99.5158,96.4047,95.8192,103.0124
2025-05-01,108.5865,110.8097,108.5865,108.2066,108.2683,99.1039,96.668,95.7127,102.4273
2025-05-02,109.6927,111.8293,109.6927,109.2662,109.5992,100.8454,99.1661,97.4875,103.2322
2025-05-05,109.8855,111.7964,109.8855,109.4292,110.4826,100.5457,98.9979,97.2148,102.8142
2025-05-06,109.3769,111.3823,109.3769,108.9431,109.3792,98.9577,98.0388,95.0388,102.5902
2025-05-07,109.9989,112.1696,109.9989,109.5317,109.627,101.7144,98.4678,97.1398,103.4527
2025-05-08,110.9147,111.3882,110.9147,110.3587,110.8121,102.767,100.2049,100.3332,103.4862
2025-05-09,110.6793,110.3995,110.6793,110.056,111.4937,102.6396,100.7516,100.8292,103.2879
2025-05-12,111.2998,109.9891,111.2998,110.6036,109.9912,108.3237,105.5915,109.7311,104.6919
2025-05-13,111.2726,109.1542,111.2726,110.4426,109.7545,108.5027,107.2314,111.1446,104.317
2025-05-14,111.0098,108.6563,111.0098,110.1288,108.4311,107.398,106.5787,110.3075,103.9643
2025-05-15,113.5183,111.5715,113.5183,112.7021,108.8588,107.842,107.593,107.8064,105.8458
2025-05-16,114.3092,112.6244,114.3092,113.529,109.0047,109.3802,109.4562,107.798,106.8852
2025-05-19,114.8413,113.3326,114.8413,114.0737,108.8871,109.3296,109.767,107.009,107.196
2025-05-20,115.4218,113.4211,115.4218,114.6154,110.0151,109.1647,109.4117,106.7486,107.1199
2025-05-21,113.7783,112.2341,113.7783,113.0178,109.8095,107.4627,107.469,106.0138,105.8598
2025-05-22,113.8905,112.2567,113.8905,113.1037,110.8121,108.031,107.2645,107.4558,105.4556
2025-05-23,113.5145,112.3539,113.5145,112.7307,110.5976,106.9626,106.6655,105.3869,105.4948
2025-05-27,114.2926,113.4311,114.2926,113.567,110.2465,108.5808,109.001,106.7984,106.471
2025-05-28,113.4828,112.1492,113.4828,112.68,110.5648,106.6226,107.7923,106.2132,105.3977
2025-05-29,114.6485,112.3282,114.6485,113.7378,111.6603,104.7128,105.8887,103.7928,105.5186
2025-05-30,115.6016,113.4785,115.6016,114.7553,112.5742,104.7667,105.5135,102.9194,105.9069
2025-06-02,115.7471,113.2187,115.7471,114.7915,112.3852,104.3014,105.0879,102.5907,105.8576
2025-06-03,116.0847,113.2799,116.0847,115.0864,112.3956,105.6045,106.4009,104.2274,106.1341
2025-06-04,115.3556,112.4276,115.3556,114.3548,112.2624,105.7488,106.1613,105.8492,105.5297
2025-06-05,114.8271,112.1774,114.8271,113.8788,111.8277,104.7714,105.6339,105.0614,105.077
2025-06-06,115.4804,112.4083,115.4804,114.5123,111.9783,106.3839,106.7264,106.8482,105.8814
2025-06-09,116.1818,112.1548,116.1818,115.1109,112.395,107.2053,106.3394,107.9251,106.0254
2025-06-10,115.5876,111.5882,115.5876,114.5511,111.528,109.1007,105.9772,109.7418,106.4678
2025-06-11,115.7966,111.8448,115.7966,114.7866,111.7158,108.7887,106.6045,108.914,106.5698
2025-06-12,114.8411,112.5863,114.8411,114.0794,110.241,108.8325,105.3186,108.138,106.6119
2025-06-13,114.3906,112.5907,114.3906,113.7474,111.2277,107.3474,103.2527,106.8488,105.9286
2025-06-16,114.189,111.8898,114.189,113.469,110.473,108.8832,104.8654,109.4889,106.1284
2025-06-17,113.987,111.6971,113.987,113.3396,110.6963,107.0567,103.6689,108.0697,105.4553
2025-06-18,113.587,111.5413,113.587,112.9552,110.4063,107.3757,103.7745,108.486,105.2126
2025-06-20,113.881,111.8203,113.881,113.2356,110.8334,107.2212,104.4083,107.9048,105.8892
2025-06-23,115.3392,113.3065,115.3392,114.6839,110.5542,107.8186,106.1591,107.3799,107.0069
2025-06-24,114.8613,113.0521,114.8613,114.1897,108.8821,109.3999,107.8558,109.4883,107.2019
2025-06-25,114.2321,112.5806,114.2321,113.6744,109.1046,109.2378,107.4814,110.9965,106.5195
2025-06-26,115.821,113.8431,115.821,115.2377,110.4664,110.363,109.0843,111.7464,107.2024
2025-06-27,117.7286,113.9051,117.7286,116.8949,111.7298,110.9286,109.961,112.5616,107.831
2025-06-30,117.5785,114.7252,117.5785,116.8236,110.9526,111.2279,110.2132,111.8372,108.1608
2025-07-01,118.378,114.9492,118.378,117.6135,110.0291,113.427,111.7192,113.2245,109.1527
2025-07-02,119.2295,114.5071,119.2295,118.4256,111.1616,113.5015,113.3362,113.0937,109.1386
2025-07-03,120.3972,115.282,120.3972,119.5517,111.4795,113.7933,113.425,112.6443,109.5925
2025-07-07,120.932,115.6622,120.932,120.0486,112.0554,112.7028,113.2357,112.0995,109.3947
2025-07-08,120.8198,114.8494,120.8198,119.9552,112.3967,112.7286,114.9509,111.8821,109.4015
2025-07-09,121.1939,114.1968,121.1939,120.2184,112.1077,112.7404,114.7491,111.1846,109.9229
2025-07-10,121.6382,115.1546,121.6382,120.7372,111.879,113.599,115.7524,111.7816,110.6948
2025-07-11,121.1214,114.65,121.1214,120.1895,112.0777,112.7211,115.4902,111.664,110.2745
2025-07-14,122.3222,114.9547,122.3222,121.3506,113.577,111.5717,114.6957,110.0276,110.3403
2025-07-15,121.6792,114.5675,121.6792,120.6854,114.2513,110.4411,113.6884,109.774,109.4984
2025-07-16,121.9809,114.6745,121.9809,120.9711,113.5937,112.4938,113.8709,111.2216,110.2754
2025-07-17,121.8675,115.1171,121.8675,120.8215,113.2513,112.7849,113.2586,110.9713,110.5915
2025-07-18,121.3223,115.3049,121.3223,120.3028,112.3234,113.4943,111.4893,111.9004,110.2663
2025-07-21,121.4204,115.7925,121.4204,120.393,111.6462,113.6107,111.6963,112.6137,110.429
2025-07-22,121.8075,116.1931,121.8075,120.7982,111.1438,115.9162,112.9403,114.4654,111.2785
2025-07-23,124.9899,117.4842,124.9899,124.1262,113.5389,116.3496,114.854,112.0827,112.3512
2025-07-24,122.3233,117.6931,122.3233,121.5643,112.7798,116.1695,115.551,116.103,111.8495
2025-07-25,122.623,118.2184,122.623,121.8346,112.2724,115.9082,115.5816,115.6973,112.1556
2025-07-28,122.5061,116.2958,122.5061,121.6316,112.227,115.1578,115.3517,114.5959,111.5734
2025-07-29,121.1725,118.08,121.1725,120.524,111.0447,115.548,115.6783,115.5514,111.5652
2025-07-30,122.0327,118.7515,122.0327,121.3763,111.334,114.1637,115.4947,114.306,111.1898
2025-07-31,121.6759,118.8118,121.6759,121.0856,115.5251,113.1899,113.9688,113.8914,110.1235
2025-08-01,120.8815,119.0659,120.8815,120.3071,115.3667,113.5193,113.7587,115.8835,109.6954
2025-08-04,121.6442,119.6496,121.6442,121.0705,115.5161,115.0183,113.3739,116.2483,110.6309
2025-08-05,122.4051,119.885,122.4051,121.8046,117.2044,114.6887,114.3086,115.9048,110.5595
2025-08-06,122.6019,120.2471,122.6019,122.0331,116.4636,115.0542,113.8706,116.6557,110.6129
2025-08-07,122.5123,120.8267,122.5123,121.8961,115.3175,115.9563,114.3031,119.1354,110.9118
2025-08-08,123.1597,121.1952,123.1597,122.5395,116.5,116.9796,115.2786,120.8958,111.3018
2025-08-11,123.5328,121.9377,123.5328,122.9928,117.473,116.5608,115.1445,121.7073,111.025
2025-08-12,124.5819,121.9095,124.5819,123.9141,117.2755,117.5091,115.6578,122.5957,111.7899
2025-08-13,125.176,122.0277,125.176,124.5171,116.7812,118.6767,116.9601,122.3295,112.3625
2025-08-14,124.7932,121.3469,124.7932,124.1266,117.9273,117.949,116.8068,122.0517,111.6227
2025-08-15,124.941,121.1719,124.941,124.2153,118.4944,117.5765,117.7255,122.3004,111.3334
2025-08-18,124.577,120.5851,124.577,123.9032,118.3048,117.5661,117.6363,122.0259,111.1995
2025-08-19,124.1641,121.9358,124.1641,123.6605,116.9362,118.9164,118.0192,122.6136,111.849
2025-08-20,124.8666,122.985,124.8666,124.3756,117.2962,118.9014,118.9165,121.968,112.3657
2025-08-21,124.7188,122.6956,124.7188,124.2339,116.9985,118.8179,120.1007,122.5109,112.4286
2025-08-22,126.5725,122.7975,126.5725,125.9926,117.6871,120.187,121.614,121.2532,113.6077
2025-08-25,125.5463,121.7329,125.5463,125.0354,117.0964,118.7983,120.7411,120.6926,112.766
2025-08-26,126.8534,121.5881,126.8534,126.214,118.7174,118.0599,120.1296,119.1414,112.7594
2025-08-27,127.075,121.9466,127.075,126.4733,118.2713,118.5101,120.4793,119.1017,113.0088
2025-08-28,127.1131,121.4889,127.1131,126.4944,117.7741,118.7938,120.3492,119.1617,113.0423
2025-08-29,126.9891,122.2833,126.9891,126.4125,117.5527,119.5666,121.5272,121.6208,113.1802
2025-09-02,127.0209,122.4469,127.0209,126.4075,117.9704,119.9984,122.3188,122.8135,113.3049
2025-09-03,125.4327,121.7801,125.4327,124.9039,117.0951,119.9726,120.1695,123.1897,112.4465
2025-09-04,125.3267,121.2699,125.3267,124.813,116.6431,120.5081,120.1659,122.8454,112.8548
2025-09-05,125.061,121.42,125.061,124.5782,116.13,121.1219,118.754,123.1846,112.6859
2025-09-08,124.9337,120.4434,124.9337,124.414,116.103,120.4559,118.42,121.5568,112.3358
2025-09-09,124.7238,120.8742,124.7238,124.219,115.7034,120.1259,119.1711,121.4153,112.2816
2025-09-10,124.271,121.2371,124.271,123.8406,115.5648,119.1609,120.0417,120.5478,112.2802
2025-09-11,124.4372,122.1797,124.4372,124.2022,115.0508,120.0192,120.4899,119.6869,113.0263
2025-09-12,123.1114,121.7137,123.1114,122.9316,114.8752,119.3681,119.573,120.3028,112.3013
2025-09-15,122.8732,121.3718,122.8732,122.6974,114.5877,118.6521,118.9829,118.8349,112.1451
2025-09-16,122.5622,120.7842,122.5622,122.396,114.67,118.2524,120.0055,118.1311,112.0577
2025-09-17,122.8366,121.6898,122.8366,122.6667,114.0816,119.2507,120.6103,118.2834,112.6684
2025-09-18,121.9593,120.6416,121.9593,121.7522,113.007,118.5177,119.435,116.1274,112.5235
2025-09-19,122.2412,120.9881,122.2412,122.0447,113.2674,118.5288,119.0777,116.1701,112.4733
2025-09-22,121.0278,120.3585,121.0278,120.8654,112.0715,117.8208,117.9238,114.7804,111.926
2025-09-23,122.2375,121.6397,122.2375,122.0175,112.732,118.9772,119.0234,115.7745,112.8634
2025-09-24,122.12,121.8464,122.12,121.9352,113.952,117.969,119.5251,115.4461,112.4577
2025-09-25,121.869,121.1846,121.869,121.7292,113.0862,117.249,119.3213,113.7174,112.0194
2025-09-26,123.832,122.2269,123.832,123.6349,114.2296,117.8655,120.2422,113.3211,112.7565
2025-09-29,123.5557,122.801,123.5557,123.4484,113.9363,118.5606,118.6904,113.7833,112.9191
2025-09-30,124.5542,123.6611,124.5542,124.5795,113.5262,119.8584,120.2925,113.5395,114.0291
2025-10-01,124.5012,123.1937,124.5012,124.54,113.0977,119.5202,119.3403,113.2727,114.0104
2025-10-02,124.7177,123.1869,124.7177,124.7066,113.4071,118.8975,118.0916,112.4042,113.8654
2025-10-03,124.4891,123.577,124.4891,124.5474,112.2717,118.9968,119.146,111.958,114.4125
2025-10-06,125.0614,124.1324,125.0614,125.0919,112.8124,118.4527,119.728,110.8932,114.3853
2025-10-07,125.684,124.4318,125.684,125.6529,112.2194,119.1179,119.9384,111.802,114.936
2025-10-08,125.9957,124.3555,125.9957,125.9197,112.2491,118.4102,120.4312,110.121,115.1921
2025-10-09,123.641,122.9747,123.641,123.729,110.9908,117.4615,119.3573,110.2138,114.2854
2025-10-10,122.0013,122.1969,122.0013,122.1076,111.0195,116.6239,116.5639,111.273,112.9098
2025-10-13,122.3901,121.8549,122.3901,122.3923,111.5182,116.6634,119.5663,109.9507,113.5641
2025-10-14,123.375,123.2504,123.375,123.3786,111.2636,118.3575,121.2376,109.6924,114.8429
2025-10-15,121.8536,122.0575,121.8536,121.8541,110.5711,117.0918,119.6216,108.3062,114.5379
2025-10-16,121.2329,121.5915,121.2329,121.2385,111.0025,117.3567,117.6685,108.5299,113.8517
2025-10-17,121.7742,121.9605,121.7742,121.7806,110.5148,118.2576,119.0663,109.9146,114.4411
2025-10-20,123.0319,123.1115,123.0319,123.0186,110.3716,119.1566,120.0057,109.4641,115.4984
2025-10-21,123.553,123.424,123.553,123.5473,111.2311,121.3498,120.3894,111.3795,116.0928
2025-10-22,123.1958,123.1777,123.1958,123.1969,110.3375,120.6067,120.6428,112.1983,116.0363
2025-10-23,125.7798,125.2363,125.7798,125.7024,112.6225,122.2183,121.2151,112.4994,116.6639
2025-10-24,126.5334,125.4186,126.5334,126.55,111.7166,121.3887,120.2831,111.0419,116.6473
2025-10-27,126.4226,125.2421,126.4226,126.4442,111.0895,121.4193,120.9966,109.844,117.1304
2025-10-28,125.5067,124.1165,125.5067,125.4265,111.491,121.1085,120.4381,110.9171,116.1956
2025-10-29,122.9617,122.5185,122.9617,123.0073,110.2433,119.2075,120.0432,106.2258,115.5597
2025-10-30,118.558,120.044,118.558,118.798,109.8519,119.9944,119.0625,107.3999,114.1639
2025-10-31,118.5061,119.3315,118.5061,118.7112,112.0798,120.5095,118.1619,108.7731,113.4977
2025-11-03,118.3839,118.8303,118.3839,118.5154,114.6543,118.964,115.5004,108.2923,112.0328
2025-11-04,117.704,119.3527,117.704,117.995,114.3596,118.7228,114.5131,109.5454,111.5433
2025-11-05,117.6032,119.4076,117.6032,117.8883,114.0038,118.4383,115.0426,108.0825,111.8138
2025-11-06,117.0984,119.1637,117.0984,117.3804,113.2705,118.34,114.3962,108.1371,111.9255
2025-11-07,117.4407,120.1224,117.4407,117.8613,112.407,118.9323,115.7024,107.813,112.8934
2025-11-10,117.7944,120.5067,117.7944,118.2299,111.7532,119.3243,115.1954,106.6896,113.3577
2025-11-11,119.1904,122.0341,119.1904,119.6403,112.3492,121.7621,114.8879,108.7615,114.5049
2025-11-12,118.9734,121.6822,118.9734,119.3653,112.2844,122.2639,114.4987,109.2494,114.6211
2025-11-13,117.9967,120.8257,117.9967,118.3441,113.3855,119.3721,114.1833,108.9387,113.5505
2025-11-14,118.2508,121.2174,118.2508,118.6054,113.9064,118.9001,114.1505,108.5339,113.5735
2025-11-17,117.1549,120.8481,117.1549,117.5481,113.7682,117.8525,111.12,108.1885,112.6917
2025-11-18,116.4854,120.3587,116.4854,116.959,114.1451,117.7722,110.9395,108.8865,112.6445
2025-11-19,115.7309,119.9203,115.7309,116.3029,114.3864,117.1433,109.8438,107.8269,112.0339
2025-11-20,113.8532,119.1511,113.8532,114.5089,113.4988,116.4921,109.353,108.6558,111.1644
2025-11-21,114.268,119.5092,114.268,114.9167,111.5095,118.4777,111.0502,110.5097,112.4225
2025-11-24,113.3626,118.7779,113.3626,113.9884,109.8495,116.6765,111.176,107.8829,112.424
2025-11-25,114.9872,119.6936,114.9872,115.5883,110.2942,117.7395,110.6183,108.3491,113.4086
2025-11-26,115.6159,120.028,115.6159,116.1307,110.5931,117.6762,110.4729,107.6041,113.8496
2025-11-28,116.5644,120.701,116.5644,117.0503,110.6781,118.3903,111.5669,107.8202,114.5357
2025-12-01,115.1428,118.992,115.1428,115.5714,110.2523,118.3154,112.2395,110.5576,113.4229
2025-12-02,118.5529,118.9908,118.5529,118.6482,114.861,117.3793,112.6892,108.9911,113.438
2025-12-03,118.183,119.0566,118.183,118.3516,113.8317,117.9113,113.4315,108.6242,113.8733
2025-12-04,118.1744,119.2705,118.1744,118.4106,113.713,117.2256,113.8675,107.2541,113.5502
2025-12-05,117.481,118.483,117.481,117.6609,113.0011,116.4679,113.5284,107.6538,112.9516
2025-12-08,118.1617,118.2843,118.1617,118.242,114.6168,116.2532,111.9948,107.8057,112.3765
2025-12-09,116.9119,117.746,116.9119,117.0913,113.9026,116.015,112.8373,107.9466,112.0472
2025-12-10,117.9065,118.6388,117.9065,118.2141,114.0423,116.8805,113.7729,107.3948,112.753
2025-12-11,118.4252,118.7452,118.4252,118.6737,114.956,117.5858,113.684,107.0474,113.3617
2025-12-12,118.5999,118.7851,118.5999,118.7307,115.942,118.6233,112.3628,108.6863,113.5254
2025-12-15,119.7934,120.1007,119.7934,119.9227,116.5932,119.7674,111.8952,109.7071,113.8664
2025-12-16,119.9307,119.944,119.9307,119.9931,117.6304,119.9571,110.8911,110.4182,113.1582
2025-12-17,119.949,120.222,119.949,119.9897,116.6925,120.597,112.4225,112.9836,113.4531
2025-12-18,119.6371,119.5744,119.6371,119.6566,116.5721,120.0567,110.6741,111.0918,113.174
2025-12-19,120.6335,119.2396,120.6335,120.5622,118.3456,119.6957,110.2163,110.0747,112.9501
2025-12-22,121.3337,119.707,121.3337,121.3216,117.8019,119.2197,111.0374,108.0819,113.7556
2025-12-23,121.2174,119.7251,121.2174,121.1931,116.8879,119.3291,111.5977,108.1738,113.9721
2025-12-24,121.8773,120.3773,121.8773,121.8422,117.6231,120.2543,111.6871,108.6654,114.4915
2025-12-26,121.2542,120.0697,121.2542,121.1998,116.4537,120.0279,111.7339,108.8319,114.5079
2025-12-29,121.1822,119.988,121.1822,121.0933,116.3009,120.2405,111.619,109.5233,114.4292
2025-12-30,121.2323,120.0136,121.2323,121.116,116.2331,120.1396,112.6693,109.5225,114.5375
2025-12-31,120.536,119.3039,120.536,120.4155,116.599,119.4553,111.7214,109.8416,113.727
