,model_top4_equal,model_top4_riskadjusted,model_top4_threshold,model_top4_propweights,model_longshort,bench_momentum,bench_momentum_input,bench_equalweight
2025-01-02,99.6384,99.5155,99.6384,99.6351,100.1754,99.9708,99.3525,99.7034
2025-01-03,100.3911,99.9387,100.3911,100.4095,100.5981,100.0824,99.6171,100.1093
2025-01-06,98.3849,98.1536,98.3849,98.3982,99.0422,98.7181,99.2531,99.4521
2025-01-07,97.9777,98.555,97.9777,98.028,98.4688,97.9194,99.9667,99.6667
2025-01-08,98.3496,98.1876,98.3496,98.3957,97.5566,97.645,99.7456,99.8121
2025-01-10,97.6427,97.1208,97.6427,97.6591,97.5639,97.2759,99.9056,99.0253
2025-01-13,98.473,97.9645,98.473,98.4977,98.3982,97.7351,100.3745,99.6635
2025-01-14,98.9814,98.5306,98.9814,99.011,97.9698,98.0461,100.6471,100.3409
2025-01-15,99.0424,98.4902,99.0424,99.0736,97.5504,97.6761,101.2109,100.6842
2025-01-16,100.4288,99.4063,100.4288,100.3874,97.7849,98.3079,102.4861,101.5358
2025-01-17,100.5037,99.648,100.5037,100.4888,97.1158,98.1351,103.2388,102.0561
2025-01-21,101.4438,100.2007,101.4438,101.4257,97.1306,99.4571,104.91,102.9469
2025-01-22,100.1587,99.5923,100.1587,100.1657,95.9968,98.6767,104.3171,102.3093
2025-01-23,100.6168,100.2094,100.6168,100.6141,95.7655,99.3823,106.7998,103.21
2025-01-24,100.2972,100.2926,100.2972,100.3081,94.6671,99.1645,106.117,102.985
2025-01-27,102.1696,103.1655,102.1696,102.1748,96.3161,101.0429,107.9366,104.4476
2025-01-28,100.0645,101.1086,100.0645,100.041,95.0066,99.7279,107.1885,103.2092
2025-01-29,99.0476,100.183,99.0476,98.8708,94.7498,100.2769,106.806,103.0346
2025-01-30,99.8278,100.6461,99.8278,99.635,92.5537,101.1105,108.8638,104.3225
2025-01-31,99.8902,100.6525,99.8902,99.7422,93.5185,100.9974,108.1032,103.5009
2025-02-03,99.9543,101.2833,99.9543,99.8232,92.6028,101.697,108.2989,103.8443
2025-02-04,99.7767,101.4297,99.7767,99.6852,93.3761,101.6469,107.9784,103.4161
2025-02-05,99.8276,101.8542,99.8276,99.7449,92.7032,101.5437,109.7813,103.9742
2025-02-06,98.256,101.3677,98.256,98.1788,91.1108,100.3664,110.4286,103.693
2025-02-07,97.6608,101.1068,97.6608,97.6009,90.6145,99.5769,109.806,103.3278
2025-02-10,98.6902,101.9376,98.6902,98.6553,91.7793,99.6719,110.243,103.7361
2025-02-11,98.5925,102.6068,98.5925,98.5719,90.9596,99.3587,111.332,104.3799
2025-02-12,97.711,101.675,97.711,97.5977,90.727,99.5887,112.2999,103.8291
2025-02-13,97.9917,101.8186,97.9917,97.7241,90.7005,100.2814,111.988,104.2703
2025-02-14,97.1036,99.8226,97.1036,96.7884,90.6287,100.0678,111.857,103.6865
2025-02-18,97.8394,100.0357,97.8394,97.4569,91.2523,100.8765,112.299,104.2173
2025-02-19,98.8002,101.1052,98.8002,98.4047,91.1989,101.9053,113.3019,105.1845
2025-02-20,99.4208,102.178,99.4208,99.0782,92.1392,101.2673,112.9147,105.2156
2025-02-21,99.9087,103.0632,99.9087,99.472,93.5559,101.5807,111.8237,104.9024
2025-02-24,100.021,103.7715,100.021,99.6529,93.3947,101.7862,112.602,105.3392
2025-02-25,100.9921,105.2004,100.9921,100.6719,94.0569,102.1303,113.1814,105.7274
2025-02-26,100.1906,103.9047,100.1906,99.867,93.4774,101.5553,111.9605,105.0067
2025-02-27,100.4231,104.4665,100.4231,100.1612,93.92,101.3768,111.7178,105.1197
2025-02-28,101.5546,105.4224,101.5546,101.243,94.2304,102.9859,113.0679,106.0829
2025-03-03,102.3935,106.8848,102.3935,102.108,96.0072,102.0192,112.4469,105.3652
2025-03-04,100.4778,105.4089,100.4778,100.2437,96.5105,100.1388,109.1758,103.1422
2025-03-05,101.8109,106.6686,101.8109,101.7194,97.6599,100.2394,109.874,103.6645
2025-03-06,102.3236,107.4548,102.3236,102.3037,99.1463,99.7132,108.0958,103.5221
2025-03-07,104.4031,108.8683,104.4031,104.3868,99.136,101.8869,107.7259,104.941
2025-03-10,105.0218,109.6811,105.0218,105.0151,101.1593,101.7229,107.3098,104.7842
2025-03-11,103.319,107.7103,103.319,103.21,101.4974,99.4386,107.275,103.1902
2025-03-12,102.5018,105.903,102.5018,102.341,100.2841,98.8143,107.672,102.8907
2025-03-13,103.0288,106.4152,103.0288,102.8867,100.9272,98.8389,107.7572,102.8176
2025-03-14,104.2633,106.5394,104.2633,104.0359,100.7416,99.8584,109.1418,104.1354
2025-03-17,104.7702,107.1421,104.7702,104.5704,100.3941,100.7238,109.9064,105.1992
2025-03-18,104.7168,107.0271,104.7168,104.5386,100.6758,100.5372,109.9602,104.8705
2025-03-19,104.5953,106.8236,104.5953,104.4042,99.6362,100.5885,112.1974,105.6638
2025-03-20,104.7882,106.5042,104.7882,104.545,100.9219,100.2729,112.1099,105.3581
2025-03-21,104.1071,106.0117,104.1071,103.8484,100.8819,100.4622,112.7958,105.1439
2025-03-24,104.5505,106.0611,104.5505,104.3219,99.9801,100.8148,113.7592,105.8055
2025-03-25,104.4225,105.4421,104.4225,104.2652,98.565,100.4449,113.4196,105.6564
2025-03-26,105.4517,106.8419,105.4517,105.3014,99.4161,101.2311,112.6519,106.1354
2025-03-27,105.9196,107.6606,105.9196,105.7573,100.2789,101.4072,113.1193,106.0176
2025-03-28,105.7605,107.5372,105.7605,105.5544,100.5348,100.973,111.9412,105.312
2025-03-31,107.1097,109.4801,107.1097,106.973,100.4525,101.656,112.4907,106.2979
2025-04-01,106.5473,109.7159,106.5473,106.4558,99.9275,101.9557,112.2091,105.9128
2025-04-02,106.3407,109.5363,106.3407,106.2313,99.4822,101.8758,111.9097,105.7568
2025-04-03,102.0482,108.3752,102.0482,102.2812,98.3532,99.3671,105.5975,102.5968
2025-04-04,95.004,102.543,95.004,95.3294,96.6395,93.3934,96.9946,96.457
2025-04-07,94.5567,101.2296,94.5567,94.8129,97.6253,92.7005,96.5916,95.4078
2025-04-08,94.6498,101.2685,94.6498,95.0118,99.9627,92.3463,95.1108,94.2501
2025-04-09,102.2135,106.0432,102.2135,102.2859,102.1323,98.2408,102.8117,99.5596
2025-04-10,100.6628,105.2621,100.6628,100.8803,102.6491,97.0517,98.4143,97.2876
2025-04-11,102.2534,106.9859,102.2534,102.5053,102.438,98.3732,99.9713,98.7236
2025-04-14,103.2828,108.1218,103.2828,103.5109,101.9584,99.9178,100.6027,99.9472
2025-04-15,102.5059,107.9005,102.5059,102.803,101.1278,99.2429,100.0333,99.4435
2025-04-16,101.7828,106.7018,101.7828,102.0801,101.7339,98.8569,100.0017,98.5283
2025-04-17,103.4393,107.7942,103.4393,103.6119,102.9121,100.4425,102.0102,99.9125
2025-04-21,102.2111,106.4541,102.2111,102.4022,103.7108,99.2396,99.9438,98.5235
2025-04-22,103.9428,108.2881,103.9428,104.084,103.0428,101.1348,102.259,100.8854
2025-04-23,104.3461,107.1783,104.3461,104.1663,102.8116,102.9632,103.702,101.0679
2025-04-24,106.0387,108.7147,106.0387,105.8464,105.6101,101.8992,105.2865,101.7221
2025-04-25,105.9037,108.5242,105.9037,105.6862,105.1421,102.4627,105.5867,101.7087
2025-04-28,106.7101,108.7278,106.7101,106.3977,105.3201,103.4872,106.551,102.2379
2025-04-29,108.3594,110.4538,108.3594,107.9939,105.8557,103.9984,106.5803,103.0236
2025-04-30,108.5951,110.8943,108.5951,108.2165,106.6873,104.8775,105.7392,103.0124
2025-05-01,108.5865,110.8097,108.5865,108.2066,108.2683,104.0144,105.6911,102.4273
2025-05-02,109.6927,111.8293,109.6927,109.2662,109.5992,105.4103,104.5568,103.2322
2025-05-05,109.8855,111.7964,109.8855,109.4292,110.4826,105.8837,103.3308,102.8142
2025-05-06,109.3769,111.3823,109.3769,108.9431,109.3792,105.8408,104.1003,102.5902
2025-05-07,109.9989,112.1696,109.9989,109.5317,109.627,106.5719,104.2137,103.4527
2025-05-08,110.9147,111.3882,110.9147,110.3587,110.8121,106.3026,105.3662,103.4862
2025-05-09,110.6793,110.3995,110.6793,110.056,111.4937,105.8588,106.1322,103.2879
2025-05-12,111.2998,109.9891,111.2998,110.6036,109.9912,105.9615,108.1084,104.6919
2025-05-13,111.2726,109.1542,111.2726,110.4426,109.7545,106.7608,109.0071,104.317
2025-05-14,111.0098,108.6563,111.0098,110.1288,108.4311,106.863,108.9315,103.9643
2025-05-15,113.5183,111.5715,113.5183,112.7021,108.8588,109.566,110.2007,105.8458
2025-05-16,114.3092,112.6244,114.3092,113.529,109.0047,109.8801,109.9239,106.8852
2025-05-19,114.8413,113.3326,114.8413,114.0737,108.8871,110.049,109.1077,107.196
2025-05-20,115.4218,113.4211,115.4218,114.6154,110.0151,109.9831,108.6431,107.1199
2025-05-21,113.7783,112.2341,113.7783,113.0178,109.8095,108.6454,107.6065,105.8598
2025-05-22,113.8905,112.2567,113.8905,113.1037,110.8121,108.0838,107.1014,105.4556
2025-05-23,113.5145,112.3539,113.5145,112.7307,110.5976,108.5213,107.0463,105.4948
2025-05-27,114.2926,113.4311,114.2926,113.567,110.2465,108.9406,107.3458,106.471
2025-05-28,113.4828,112.1492,113.4828,112.68,110.5648,108.0567,106.7125,105.3977
2025-05-29,114.6485,112.3282,114.6485,113.7378,111.6603,108.8572,107.9564,105.5186
2025-05-30,115.6016,113.4785,115.6016,114.7553,112.5742,109.1101,107.3086,105.9069
2025-06-02,115.7471,113.2187,115.7471,114.7915,112.3852,110.2774,108.5094,105.8576
2025-06-03,116.0847,113.2799,116.0847,115.0864,112.3956,110.3363,109.4913,106.1341
2025-06-04,115.3556,112.4276,115.3556,114.3548,112.2624,109.9374,108.1697,105.5297
2025-06-05,114.8271,112.1774,114.8271,113.8788,111.8277,109.3864,107.4913,105.077
2025-06-06,115.4804,112.4083,115.4804,114.5123,111.9783,109.8297,109.1258,105.8814
2025-06-09,116.1818,112.1548,116.1818,115.1109,112.395,111.1322,109.9347,106.0254
2025-06-10,115.5876,111.5882,115.5876,114.5511,111.528,111.3279,110.7607,106.4678
2025-06-11,115.7966,111.8448,115.7966,114.7866,111.7158,111.3535,111.134,106.5698
2025-06-12,114.8411,112.5863,114.8411,114.0794,110.241,110.3012,110.1877,106.6119
2025-06-13,114.3906,112.5907,114.3906,113.7474,111.2277,109.158,110.231,105.9286
2025-06-16,114.189,111.8898,114.189,113.469,110.473,109.301,110.4882,106.1284
2025-06-17,113.987,111.6971,113.987,113.3396,110.6963,108.6834,111.1199,105.4553
2025-06-18,113.587,111.5413,113.587,112.9552,110.4063,108.0657,110.3266,105.2126
2025-06-20,113.881,111.8203,113.881,113.2356,110.8334,107.9887,111.1991,105.8892
2025-06-23,115.3392,113.3065,115.3392,114.6839,110.5542,109.8761,110.6393,107.0069
2025-06-24,114.8613,113.0521,114.8613,114.1897,108.8821,110.6055,109.607,107.2019
2025-06-25,114.2321,112.5806,114.2321,113.6744,109.1046,109.7028,109.3168,106.5195
2025-06-26,115.821,113.8431,115.821,115.2377,110.4664,110.4375,110.2125,107.2024
2025-06-27,117.7286,113.9051,117.7286,116.8949,111.7298,112.0025,111.7514,107.831
2025-06-30,117.5785,114.7252,117.5785,116.8236,110.9526,112.2768,110.6915,108.1608
2025-07-01,118.378,114.9492,118.378,117.6135,110.0291,111.412,110.1077,109.1527
2025-07-02,119.2295,114.5071,119.2295,118.4256,111.1616,111.6719,109.7491,109.1386
2025-07-03,120.3972,115.282,120.3972,119.5517,111.4795,112.8759,109.6067,109.5925
2025-07-07,120.932,115.6622,120.932,120.0486,112.0554,113.7459,109.8325,109.3947
2025-07-08,120.8198,114.8494,120.8198,119.9552,112.3967,113.4038,109.5263,109.4015
2025-07-09,121.1939,114.1968,121.1939,120.2184,112.1077,114.2595,111.0398,109.9229
2025-07-10,121.6382,115.1546,121.6382,120.7372,111.879,115.17,112.1283,110.6948
2025-07-11,121.1214,114.65,121.1214,120.1895,112.0777,115.1051,111.9605,110.2745
2025-07-14,122.3222,114.9547,122.3222,121.3506,113.577,116.763,113.7441,110.3403
2025-07-15,121.6792,114.5675,121.6792,120.6854,114.2513,116.7462,113.5239,109.4984
2025-07-16,121.9809,114.6745,121.9809,120.9711,113.5937,117.0063,114.4483,110.2754
2025-07-17,121.8675,115.1171,121.8675,120.8215,113.2513,116.0622,114.5551,110.5915
2025-07-18,121.3223,115.3049,121.3223,120.3028,112.3234,116.0969,113.1932,110.2663
2025-07-21,121.4204,115.7925,121.4204,120.393,111.6462,116.3081,113.1753,110.429
2025-07-22,121.8075,116.1931,121.8075,120.7982,111.1438,116.0807,113.1731,111.2785
2025-07-23,124.9899,117.4842,124.9899,124.1262,113.5389,119.2537,114.3628,112.3512
2025-07-24,122.3233,117.6931,122.3233,121.5643,112.7798,119.1264,114.5252,111.8495
2025-07-25,122.623,118.2184,122.623,121.8346,112.2724,119.8472,115.1967,112.1556
2025-07-28,122.5061,116.2958,122.5061,121.6316,112.227,119.5129,114.3147,111.5734
2025-07-29,121.1725,118.08,121.1725,120.524,111.0447,118.6244,114.0348,111.5652
2025-07-30,122.0327,118.7515,122.0327,121.3763,111.334,119.7635,113.6557,111.1898
2025-07-31,121.6759,118.8118,121.6759,121.0856,115.5251,119.1174,114.4806,110.1235
2025-08-01,120.8815,119.0659,120.8815,120.3071,115.3667,118.7783,113.263,109.6954
2025-08-04,121.6442,119.6496,121.6442,121.0705,115.5161,119.8588,115.079,110.6309
2025-08-05,122.4051,119.885,122.4051,121.8046,117.2044,120.1206,115.1758,110.5595
2025-08-06,122.6019,120.2471,122.6019,122.0331,116.4636,120.5818,115.6825,110.6129
2025-08-07,122.5123,120.8267,122.5123,121.8961,115.3175,120.8317,115.1181,110.9118
2025-08-08,123.1597,121.1952,123.1597,122.5395,116.5,121.8407,115.8748,111.3018
2025-08-11,123.5328,121.9377,123.5328,122.9928,117.473,122.2111,115.7547,111.025
2025-08-12,124.5819,121.9095,124.5819,123.9141,117.2755,123.6621,116.6707,111.7899
2025-08-13,125.176,122.0277,125.176,124.5171,116.7812,122.6538,114.7365,112.3625
2025-08-14,124.7932,121.3469,124.7932,124.1266,117.9273,122.5894,113.9957,111.6227
2025-08-15,124.941,121.1719,124.941,124.2153,118.4944,122.5659,112.6839,111.3334
2025-08-18,124.577,120.5851,124.577,123.9032,118.3048,122.3296,113.1881,111.1995
2025-08-19,124.1641,121.9358,124.1641,123.6605,116.9362,121.5892,113.8261,111.849
2025-08-20,124.8666,122.985,124.8666,124.3756,117.2962,122.2991,114.7088,112.3657
2025-08-21,124.7188,122.6956,124.7188,124.2339,116.9985,122.3544,114.5348,112.4286
2025-08-22,126.5725,122.7975,126.5725,125.9926,117.6871,123.1614,115.5372,113.6077
2025-08-25,125.5463,121.7329,125.5463,125.0354,117.0964,122.4781,115.1681,112.766
2025-08-26,126.8534,121.5881,126.8534,126.214,118.7174,124.3214,115.537,112.7594
2025-08-27,127.075,121.9466,127.075,126.4733,118.2713,124.6553,115.1363,113.0088
2025-08-28,127.1131,121.4889,127.1131,126.4944,117.7741,124.9797,115.5311,113.0423
2025-08-29,126.9891,122.2833,126.9891,126.4125,117.5527,125.0293,114.1694,113.1802
2025-09-02,127.0209,122.4469,127.0209,126.4075,117.9704,125.3543,114.0872,113.3049
2025-09-03,125.4327,121.7801,125.4327,124.9039,117.0951,124.3652,113.4746,112.4465
2025-09-04,125.3267,121.2699,125.3267,124.813,116.6431,124.799,114.9746,112.8548
2025-09-05,125.061,121.42,125.061,124.5782,116.13,124.3295,114.7797,112.6859
2025-09-08,124.9337,120.4434,124.9337,124.414,116.103,123.7756,114.2962,112.3358
2025-09-09,124.7238,120.8742,124.7238,124.219,115.7034,123.6682,113.6717,112.2816
2025-09-10,124.271,121.2371,124.271,123.8406,115.5648,124.3756,114.5667,112.2802
2025-09-11,124.4372,122.1797,124.4372,124.2022,115.0508,123.8137,116.1227,113.0263
2025-09-12,123.1114,121.7137,123.1114,122.9316,114.8752,123.0625,116.307,112.3013
2025-09-15,122.8732,121.3718,122.8732,122.6974,114.5877,123.3348,116.5234,112.1451
2025-09-16,122.5622,120.7842,122.5622,122.396,114.67,123.7968,117.1451,112.0577
2025-09-17,122.8366,121.6898,122.8366,122.6667,114.0816,123.5981,117.2929,112.6684
2025-09-18,121.9593,120.6416,121.9593,121.7522,113.007,123.7287,118.7197,112.5235
2025-09-19,122.2412,120.9881,122.2412,122.0447,113.2674,124.5583,119.139,112.4733
2025-09-22,121.0278,120.3585,121.0278,120.8654,112.0715,123.3642,118.4707,111.926
2025-09-23,122.2375,121.6397,122.2375,122.0175,112.732,125.0253,119.7173,112.8634
2025-09-24,122.12,121.8464,122.12,121.9352,113.952,124.4626,118.8664,112.4577
2025-09-25,121.869,121.1846,121.869,121.7292,113.0862,124.0169,117.8434,112.0194
2025-09-26,123.832,122.2269,123.832,123.6349,114.2296,125.7065,117.6981,112.7565
2025-09-29,123.5557,122.801,123.5557,123.4484,113.9363,125.1571,118.6465,112.9191
2025-09-30,124.5542,123.6611,124.5542,124.5795,113.5262,126.7495,120.3682,114.0291
2025-10-01,124.5012,123.1937,124.5012,124.54,113.0977,127.0833,120.8534,114.0104
2025-10-02,124.7177,123.1869,124.7177,124.7066,113.4071,127.5867,121.4852,113.8654
2025-10-03,124.4891,123.577,124.4891,124.5474,112.2717,128.4902,122.4294,114.4125
2025-10-06,125.0614,124.1324,125.0614,125.0919,112.8124,128.6485,123.1974,114.3853
2025-10-07,125.684,124.4318,125.684,125.6529,112.2194,128.2968,123.9252,114.936
2025-10-08,125.9957,124.3555,125.9957,125.9197,112.2491,129.8079,124.2497,115.1921
2025-10-09,123.641,122.9747,123.641,123.729,110.9908,129.2403,123.3404,114.2854
2025-10-10,122.0013,122.1969,122.0013,122.1076,111.0195,126.9514,121.7705,112.9098
2025-10-13,122.3901,121.8549,122.3901,122.3923,111.5182,128.6391,122.3841,113.5641
2025-10-14,123.375,123.2504,123.375,123.3786,111.2636,130.4395,124.3827,114.8429
2025-10-15,121.8536,122.0575,121.8536,121.8541,110.5711,130.5648,125.5036,114.5379
2025-10-16,121.2329,121.5915,121.2329,121.2385,111.0025,130.9735,124.8917,113.8517
2025-10-17,121.7742,121.9605,121.7742,121.7806,110.5148,130.3988,124.7744,114.4411
2025-10-20,123.0319,123.1115,123.0319,123.0186,110.3716,131.6996,125.7476,115.4984
2025-10-21,123.553,123.424,123.553,123.5473,111.2311,131.745,124.8487,116.0928
2025-10-22,123.1958,123.1777,123.1958,123.1969,110.3375,130.0659,124.8511,116.0363
2025-10-23,125.7798,125.2363,125.7798,125.7024,112.6225,131.637,124.4317,116.6639
2025-10-24,126.5334,125.4186,126.5334,126.55,111.7166,132.0321,126.9621,116.6473
2025-10-27,126.4226,125.2421,126.4226,126.4442,111.0895,133.5375,127.8687,117.1304
2025-10-28,125.5067,124.1165,125.5067,125.4265,111.491,131.7846,126.8557,116.1956
2025-10-29,122.9617,122.5185,122.9617,123.0073,110.2433,135.5745,131.6848,115.5597
2025-10-30,118.558,120.044,118.558,118.798,109.8519,135.6143,131.5006,114.1639
2025-10-31,118.5061,119.3315,118.5061,118.7112,112.0798,135.0656,129.8469,113.4977
2025-11-03,118.3839,118.8303,118.3839,118.5154,114.6543,133.8745,128.6962,112.0328
2025-11-04,117.704,119.3527,117.704,117.995,114.3596,132.2875,126.9695,111.5433
2025-11-05,117.6032,119.4076,117.6032,117.8883,114.0038,133.4627,128.8179,111.8138
2025-11-06,117.0984,119.1637,117.0984,117.3804,113.2705,133.4357,129.4023,111.9255
2025-11-07,117.4407,120.1224,117.4407,117.8613,112.407,133.776,129.5349,112.8934
2025-11-10,117.7944,120.5067,117.7944,118.2299,111.7532,135.3782,131.574,113.3577
2025-11-11,119.1904,122.0341,119.1904,119.6403,112.3492,136.3177,132.09,114.5049
2025-11-12,118.9734,121.6822,118.9734,119.3653,112.2844,136.2447,132.6226,114.6211
2025-11-13,117.9967,120.8257,117.9967,118.3441,113.3855,134.1654,129.4946,113.5505
2025-11-14,118.2508,121.2174,118.2508,118.6054,113.9064,134.4014,129.4166,113.5735
2025-11-17,117.1549,120.8481,117.1549,117.5481,113.7682,134.1386,129.1434,112.6917
2025-11-18,116.4854,120.3587,116.4854,116.959,114.1451,133.384,127.8747,112.6445
2025-11-19,115.7309,119.9203,115.7309,116.3029,114.3864,134.8961,127.1358,112.0339
2025-11-20,113.8532,119.1511,113.8532,114.5089,113.4988,133.0526,126.8804,111.1644
2025-11-21,114.268,119.5092,114.268,114.9167,111.5095,133.1713,127.8913,112.4225
2025-11-24,113.3626,118.7779,113.3626,113.9884,109.8495,134.6184,129.5265,112.424
2025-11-25,114.9872,119.6936,114.9872,115.5883,110.2942,135.5764,129.8461,113.4086
2025-11-26,115.6159,120.028,115.6159,116.1307,110.5931,136.4107,130.5898,113.8496
2025-11-28,116.5644,120.701,116.5644,117.0503,110.6781,136.7952,131.62,114.5357
2025-12-01,115.1428,118.992,115.1428,115.5714,110.2523,133.9974,129.0959,113.4229
2025-12-02,118.5529,118.9908,118.5529,118.6482,114.861,135.2997,128.7277,113.438
2025-12-03,118.183,119.0566,118.183,118.3516,113.8317,135.9379,129.3923,113.8733
2025-12-04,118.1744,119.2705,118.1744,118.4106,113.713,136.6587,130.1254,113.5502
2025-12-05,117.481,118.483,117.481,117.6609,113.0011,135.4182,129.97,112.9516
2025-12-08,118.1617,118.2843,118.1617,118.242,114.6168,135.2444,128.9332,112.3765
2025-12-09,116.9119,117.746,116.9119,117.0913,113.9026,134.4481,129.1092,112.0472
2025-12-10,117.9065,118.6388,117.9065,118.2141,114.0423,137.3222,129.8584,112.753
2025-12-11,118.4252,118.7452,118.4252,118.6737,114.956,138.975,130.413,113.3617
2025-12-12,118.5999,118.7851,118.5999,118.7307,115.942,138.597,128.5168,113.5254
2025-12-15,119.7934,120.1007,119.7934,119.9227,116.5932,139.0067,128.5186,113.8664
2025-12-16,119.9307,119.944,119.9307,119.9931,117.6304,137.5771,127.5294,113.1582
2025-12-17,119.949,120.222,119.949,119.9897,116.6925,135.2761,126.149,113.4531
2025-12-18,119.6371,119.5744,119.6371,119.6566,116.5721,136.367,126.5547,113.174
2025-12-19,120.6335,119.2396,120.6335,120.5622,118.3456,137.4946,126.3313,112.9501
2025-12-22,121.3337,119.707,121.3337,121.3216,117.8019,139.4503,127.0614,113.7556
2025-12-23,121.2174,119.7251,121.2174,121.1931,116.8879,139.1432,127.3645,113.9721
2025-12-24,121.8773,120.3773,121.8773,121.8422,117.6231,139.8521,127.6306,114.4915
2025-12-26,121.2542,120.0697,121.2542,121.1998,116.4537,139.2799,127.8084,114.5079
2025-12-29,121.1822,119.988,121.1822,121.0933,116.3009,138.4761,127.8083,114.4292
2025-12-30,121.2323,120.0136,121.2323,121.116,116.2331,138.2152,127.4485,114.5375
2025-12-31,120.536,119.3039,120.536,120.4155,116.599,137.2472,126.1979,113.727
